v1,v1_ref,v2,v2_ref
1.303350977850494e-21,0,-6.647801319005452e-22,0
1.303658764229123e-21,0,-6.653658476318277e-22,0
1.3033513479889171e-21,0,-6.6481102850597615e-22,0
1.3036583937896727e-21,0,-6.6532845928695e-22,0
1.3033512341865772e-21,0,-6.647812668484199e-22,0
1.3036588299478437e-21,0,-6.653648934931374e-22,0
1.3033515747202043e-21,0,-6.648112902220904e-22,0
1.3036585271713373e-21,0,-6.653255887580026e-22,0
1.3033512466523839e-21,0,-6.647792513902043e-22,0
1.3036590365300703e-21,0,-6.653650459807564e-22,0
1.303351645020709e-21,0,-6.648101583577349e-22,0
1.3036586764537867e-21,0,-6.653277354111788e-22,0
1.303351512788425e-21,0,-6.6478062863294335e-22,0
1.3036591093861285e-21,0,-6.653643135418038e-22,0
1.3033518567178364e-21,0,-6.648107230084879e-22,0
1.3036586841406632e-21,0,-6.653270179990565e-22,0
1.303351505844074e-21,0,-6.647784872396526e-22,0
1.3036592976713537e-21,0,-6.653643747947136e-22,0
1.3033518829127393e-21,0,-6.648096863533192e-22,0
1.3036588178589116e-21,0,-6.653293240288995e-22,0
1.3033516422904538e-21,0,-6.647820723197957e-22,0
1.3036593483203736e-21,0,-6.653636233374326e-22,0
1.3033520959419313e-21,0,-6.648101419379188e-22,0
1.3036589181003148e-21,0,-6.6532645431826705e-22,0
1.3033516252499767e-21,0,-6.647800049295278e-22,0
1.3036594034986036e-21,0,-6.65365771373033e-22,0
1.3033521021403518e-21,0,-6.648090047257499e-22,0
1.3036590380630985e-21,0,-6.6532872831873e-22,0
1.3033518621531974e-21,0,-6.647814981090018e-22,0
1.3036594479726811e-21,0,-6.653650836656814e-22,0
1.3033521811336526e-21,0,-6.64811468152225e-22,0
1.3036591226247928e-21,0,-6.653257428908272e-22,0
1.3033518312597826e-21,0,-6.647793865768275e-22,0
1.3036596118532717e-21,0,-6.653651741519677e-22,0
1.3033521877867684e-21,0,-6.648103990693167e-22,0
1.3036592234929142e-21,0,-6.653279291030863e-22,0
1.3033520554205075e-21,0,-6.647808012606718e-22,0
1.3036596411042147e-21,0,-6.653644599725421e-22,0
1.3033523788809321e-21,0,-6.648108517808899e-22,0
1.303659191584037e-21,0,-6.653271223308976e-22,0
1.3033519116344517e-21,0,-6.647857610213106e-22,0
1.303659456016607e-21,0,-6.653700686418675e-22,0
1.3033519312816078e-21,0,-6.648150327002343e-22,0
1.3036587059254978e-21,0,-6.653354686673388e-22,0
1.3033513138855006e-21,0,-6.647874648727461e-22,0
1.3036589255986714e-21,0,-6.653724890322964e-22,0
1.3033514852067163e-21,0,-6.648168810742121e-22,0
1.3036581947868018e-21,0,-6.653373697611407e-22,0
1.3033509235985627e-21,0,-6.647897584345568e-22,0
1.3036584379179132e-21,0,-6.653732859398586e-22,0
1.303351165155538e-21,0,-6.648189542472101e-22,0
1.3036577204465492e-21,0,-6.653380080372524e-22,0
1.303350399405001e-21,0,-6.647902377399305e-22,0
1.3036580707988509e-21,0,-6.6537330627189915e-22,0
1.3033507483722992e-21,0,-6.648184410885814e-22,0
1.3036575097968e-21,0,-6.653340334453611e-22,0
1.3033502997293133e-21,0,-6.647848765292831e-22,0
1.3036580625921335e-21,0,-6.653701868935817e-22,0
1.3033507503286056e-21,0,-6.648129944260431e-22,0
1.3036576569704868e-21,0,-6.653323252181366e-22,0
1.3033502962270035e-21,0,-6.647882737572484e-22,0
1.3036579319636324e-21,0,-6.653726341678022e-22,0
1.303350552868889e-21,0,-6.64817732592255e-22,0
1.3036572002758722e-21,0,-6.653341226775909e-22,0
1.3033498346092103e-21,0,-6.647899424985281e-22,0
1.3036574001537166e-21,0,-6.653737946496696e-22,0
1.3033499772598482e-21,0,-6.648180470116032e-22,0
1.3036568912735937e-21,0,-6.653343535755751e-22,0
1.3033497602471876e-21,0,-6.64788867264013e-22,0
1.3036572918870981e-21,0,-6.653717696037301e-22,0
1.3033500090511919e-21,0,-6.6481756773777785e-22,0
1.3036569343042976e-21,0,-6.653312923039545e-22,0
1.3033497537883048e-21,0,-6.647823690252497e-22,0
1.3036575424237704e-21,0,-6.65367968910747e-22,0
1.3033502558549333e-21,0,-6.648109948417249e-22,0
1.3036572036689987e-21,0,-6.65330526496074e-22,0
1.3033500469339074e-21,0,-6.64783154688483e-22,0
1.303657769360719e-21,0,-6.653646201038096e-22,0
1.303350534490484e-21,0,-6.648110572524268e-22,0
1.30365737667213e-21,0,-6.653272892953716e-22,0
1.3033501015877749e-21,0,-6.647807899781207e-22,0
1.3036578967983361e-21,0,-6.6536648337164595e-22,0
1.3033506125386762e-21,0,-6.648096600926607e-22,0
1.303657567275813e-21,0,-6.65329335706238e-22,0
1.3033504113838186e-21,0,-6.647820902897941e-22,0
1.30365813666343e-21,0,-6.653636497024482e-22,0
1.3033509034971558e-21,0,-6.648101758269878e-22,0
1.3036577441265019e-21,0,-6.653264956717007e-22,0
1.3033504694566699e-21,0,-6.647800538590775e-22,0
1.3036582654311439e-21,0,-6.653658255160367e-22,0
1.3033509816665367e-21,0,-6.648090630191499e-22,0
1.3036579354099704e-21,0,-6.653287895929425e-22,0
1.3033507768955167e-21,0,-6.6478156246792835e-22,0
1.303658379662575e-21,0,-6.653651520881166e-22,0
1.3033511284368388e-21,0,-6.648115421099344e-22,0
1.303658080064577e-21,0,-6.653258175159335e-22,0
1.3033508047603224e-21,0,-6.647794649988447e-22,0
1.3036586009094254e-21,0,-6.653652554727656e-22,0
1.3033511923387902e-21,0,-6.648104782917721e-22,0
1.3036582431611279e-21,0,-6.653280112629019e-22,0
1.3033510900255763e-21,0,-6.647808818326546e-22,0
1.3036586906914166e-21,0,-6.653645409503163e-22,0
1.3033514416273171e-21,0,-6.648109398696268e-22,0
1.3036582692014132e-21,0,-6.653271887682198e-22,0
1.3033511001685811e-21,0,-6.647786608577686e-22,0
1.303658894787734e-21,0,-6.653645408872033e-22,0
1.303351484229898e-21,0,-6.648098369089565e-22,0
1.3036584245744543e-21,0,-6.653294637738566e-22,0
1.3033512538983804e-21,0,-6.647822003982365e-22,0
1.3036589663811716e-21,0,-6.6536372978016175e-22,0
1.3033517191971864e-21,0,-6.648102404941044e-22,0
1.303658546167657e-21,0,-6.653265490064049e-22,0
1.3033512585970689e-21,0,-6.647800939133979e-22,0
1.3036590420924646e-21,0,-6.653658547282101e-22,0
1.3033517432395612e-21,0,-6.648090825671594e-22,0
1.3036586840670055e-21,0,-6.653288007626702e-22,0
1.3033515134882742e-21,0,-6.647815665625197e-22,0
1.3036591046467298e-21,0,-6.653651525285023e-22,0
1.3033518438795402e-21,0,-6.648115028469871e-22,0
1.3036585184651106e-21,0,-6.653341808834126e-22,0
1.3033511457023255e-21,0,-6.647862782736476e-22,0
1.3036587741277374e-21,0,-6.653711768828231e-22,0
1.3033513729901173e-21,0,-6.648162956956514e-22,0
1.3036580423473475e-21,0,-6.653320263331659e-22,0
1.3033508378433248e-21,0,-6.647830894511902e-22,0
1.303658605345207e-21,0,-6.653686540231692e-22,0
1.3033512932072612e-21,0,-6.648115790254243e-22,0
1.3036583372277894e-21,0,-6.653290281129756e-22,0
1.3033511728284016e-21,0,-6.647817620033836e-22,0
1.3036587660505258e-21,0,-6.653653445828567e-22,0
1.3033515076598275e-21,0,-6.648117143190836e-22,0
1.3036584575279768e-21,0,-6.653259728749558e-22,0
1.3033511747608173e-21,0,-6.647796015822123e-22,0
1.3036589617471786e-21,0,-6.653653658396076e-22,0
1.3033515461842896e-21,0,-6.648105975181813e-22,0
1.3036585903415845e-21,0,-6.653281167378217e-22,0
1.3033514306949941e-21,0,-6.647809740333549e-22,0
1.303659024834332e-21,0,-6.653646231631391e-22,0
1.3033517713428468e-21,0,-6.648110036557796e-22,0
1.3036585977971452e-21,0,-6.653272697947105e-22,0
1.303351417370443e-21,0,-6.647787254107488e-22,0
1.3036592027868669e-21,0,-6.653646019721869e-22,0
1.3033517877568103e-21,0,-6.6480989221975265e-22,0
1.3036587227249898e-21,0,-6.653295114404717e-22,0
1.3033515469270476e-21,0,-6.647822427934247e-22,0
1.3036592528496843e-21,0,-6.653637793309218e-22,0
1.3033519984112626e-21,0,-6.648102813992511e-22,0
1.3036588207087406e-21,0,-6.653265823591425e-22,0
1.3033515282832667e-21,0,-6.64780122063158e-22,0
1.3036593064480252e-21,0,-6.653658625254647e-22,0
1.3033520080262593e-21,0,-6.648090890590892e-22,0
1.3036589444999303e-21,0,-6.653288083892695e-22,0
1.3033517697286715e-21,0,-6.647815712369191e-22,0
1.3036593564796917e-21,0,-6.653651522622416e-22,0
1.3033520898160774e-21,0,-6.648115347505022e-22,0
1.3036590318782946e-21,0,-6.653258054764636e-22,0
1.3033517407229901e-21,0,-6.647794494079387e-22,0
1.3036595206898947e-21,0,-6.653652214471839e-22,0
1.3033520955582793e-21,0,-6.648104501450381e-22,0
1.3036590179565398e-21,0,-6.653300325206649e-22,0
1.30335183600139e-21,0,-6.647826786235649e-22,0
1.3036593849772985e-21,0,-6.653702024526788e-22,0
1.303352007076898e-21,0,-6.648155094573209e-22,0
1.3036586504280773e-21,0,-6.653318440924775e-22,0
1.3033515047236723e-21,0,-6.647866302659082e-22,0
1.3036591240887021e-21,0,-6.6536879763718185e-22,0
1.3033518295574479e-21,0,-6.64814806625513e-22,0
1.3036587519168456e-21,0,-6.653287609432962e-22,0
1.3033515639373527e-21,0,-6.647800385024323e-22,0
1.3036593384373729e-21,0,-6.653658445709643e-22,0
1.3033520400601417e-21,0,-6.64809071941696e-22,0
1.3036589763360676e-21,0,-6.653287929069365e-22,0
1.3033518020460636e-21,0,-6.64781558522589e-22,0
1.3036593851777844e-21,0,-6.65365153006476e-22,0
1.3033521183905909e-21,0,-6.648115330950588e-22,0
1.3036590600623825e-21,0,-6.653258042528436e-22,0
1.3033517687189268e-21,0,-6.647794467224647e-22,0
1.3036595503075098e-21,0,-6.65365212692074e-22,0
1.3033522448075203e-21,0,-6.648084964455851e-22,0
1.3036591833264368e-21,0,-6.65328267463013e-22,0
1.3033520091356106e-21,0,-6.647810840206646e-22,0
1.3036597204683131e-21,0,-6.653627209041021e-22,0
1.303352470444155e-21,0,-6.648093158868279e-22,0
1.3036591530117779e-21,0,-6.653322939770789e-22,0
1.3033518182141862e-21,0,-6.647848682178899e-22,0
1.3036592747786305e-21,0,-6.653686521193556e-22,0
1.3033520293728946e-21,0,-6.648152960099527e-22,0
1.303658596154404e-21,0,-6.653346780267175e-22,0
1.3033512880205454e-21,0,-6.647872418109712e-22,0
1.3036589226773923e-21,0,-6.653716703768466e-22,0
1.303351514989019e-21,0,-6.648167361025179e-22,0
1.3036581729650674e-21,0,-6.653324986524445e-22,0
1.3033509654791236e-21,0,-6.647835092166866e-22,0
1.303658729741214e-21,0,-6.653689151971029e-22,0
1.3033514181964064e-21,0,-6.648118220185576e-22,0
1.30365832305166e-21,0,-6.653312603355728e-22,0
1.3033509578809062e-21,0,-6.647873095093328e-22,0
1.3036584505644295e-21,0,-6.653700500150811e-22,0
1.3033511590736076e-21,0,-6.648160121722334e-22,0
1.30365808132516e-21,0,-6.653298749760968e-22,0
1.3033508008772056e-21,0,-6.647883236944294e-22,0
1.3036583276209112e-21,0,-6.653720033314059e-22,0
1.303350819758515e-21,0,-6.648163258351989e-22,0
1.3036578341235354e-21,0,-6.653333275418126e-22,0
1.303350648746919e-21,0,-6.647856759409024e-22,0
1.3036581955661354e-21,0,-6.653728792321322e-22,0
1.3033508154259148e-21,0,-6.648179804404385e-22,0
1.303657499558783e-21,0,-6.653339861922764e-22,0
1.3033501404350296e-21,0,-6.647898053918409e-22,0
1.3036577670717974e-21,0,-6.653740240280285e-22,0
1.303350335949532e-21,0,-6.648182748953966e-22,0
1.303657050176521e-21,0,-6.6533864430992885e-22,0
1.3033497889917151e-21,0,-6.6479091890875655e-22,0
1.3036573197636801e-21,0,-6.653743932054035e-22,0
1.3033499850136095e-21,0,-6.648195880412781e-22,0
1.303656664107602e-21,0,-6.653354794337843e-22,0
1.303349522586681e-21,0,-6.647898893697135e-22,0
1.3036571693196844e-21,0,-6.65373982609226e-22,0
1.3033497518164954e-21,0,-6.648174958641032e-22,0
1.303656812813327e-21,0,-6.653345924705643e-22,0
1.303349660256706e-21,0,-6.647860901395797e-22,0
1.3036573526550364e-21,0,-6.653673081345096e-22,0
1.3033501025164397e-21,0,-6.648135257979584e-22,0
1.3036570555912845e-21,0,-6.653275930346671e-22,0
1.3033497847708168e-21,0,-6.647811140539451e-22,0
1.3036575839506218e-21,0,-6.653667704088451e-22,0
1.3033503050723752e-21,0,-6.64809921453709e-22,0
1.3036572626096699e-21,0,-6.653295643312446e-22,0
1.3033501113947883e-21,0,-6.647822860703596e-22,0
1.3036577169850678e-21,0,-6.653658069431795e-22,0
1.3033504732624694e-21,0,-6.648121377165662e-22,0
1.3036574326913904e-21,0,-6.653263546129248e-22,0
1.3033501614518172e-21,0,-6.647799964829671e-22,0
1.3036579615076445e-21,0,-6.653657600766685e-22,0
1.3033506843531353e-21,0,-6.648089850596258e-22,0
1.3036576430818168e-21,0,-6.653287260315155e-22,0
1.3033504895663153e-21,0,-6.647815068324057e-22,0
1.3036580971765418e-21,0,-6.65365104499733e-22,0
1.3033508504785524e-21,0,-6.648115024805652e-22,0
1.3036578068013795e-21,0,-6.653257834676834e-22,0
1.3033505363213112e-21,0,-6.647794334590967e-22,0
1.303658336544033e-21,0,-6.653652118668576e-22,0
1.3033509302946826e-21,0,-6.648104516251187e-22,0
1.3036578712854844e-21,0,-6.653300270132763e-22,0
1.3033507080403194e-21,0,-6.647826971311291e-22,0
1.303658424002178e-21,0,-6.653642067843892e-22,0
1.3033511846073809e-21,0,-6.648106758693965e-22,0
1.3036578817408969e-21,0,-6.653334173363062e-22,0
1.3033505228849406e-21,0.020279895878253323,-6.647855814690645e-22,0.020279895878253316
0.0018391742606571758,0.020279895878253323,0.0012939913052033391,0.020279895878253316
0.0020293465642058535,0.020279895878253323,0.0024557342677118017,0.020279895878253316
0.00222370727387516,0.020279895878253323,0.0035284427413728487,0.020279895878253316
0.0024215673767886093,0.020279895878253323,0.004519791711183414,0.020279895878253316
0.00262230605416344,0.020279895878253323,0.005436755709349316,0.020279895878253316
0.0028253642121457553,0.020279895878253323,0.006285674420882564,0.020279895878253316
0.0030302386261981847,0.020279895878253323,0.00707231207420307,0.020279895878253316
0.0032364766411192413,0.020279895878253323,0.007801911208231663,0.020279895878253316
0.003443671373800639,0.020279895878253323,0.008479241351250177,0.020279895878253316
0.0036514573708746755,0.020279895878253323,0.009108643095751054,0.020279895878253316
0.003859506677957294,0.020279895878253323,0.009694068007310309,0.020279895878253316
0.004067525281332569,0.020279895878253323,0.010239114763707112,0.020279895878253316
0.004275249886646319,0.020279895878253323,0.01074706188276957,0.020279895878253316
0.004482445002568061,0.020279895878253323,0.011220897363150288,0.020279895878253316
0.004688900300420479,0.020279895878253323,0.011663345531451274,0.020279895878253316
0.004894428223551947,0.020279895878253323,0.012076891361026798,0.020279895878253316
0.005098861822722242,0.020279895878253323,0.012463802502560364,0.020279895878253316
0.0053020527960315235,0.020279895878253323,0.012826149243625563,0.020279895878253316
0.005503869713972077,0.020279895878253323,0.013165822593721954,0.020279895878253316
0.005704196412031036,0.020279895878253323,0.013484550672573096,0.020279895878253316
0.0059029305349424625,0.020279895878253323,0.013783913562552912,0.020279895878253316
0.00609998221820909,0.020279895878253323,0.014065356770745777,0.020279895878253316
0.006295272893876418,0.020279895878253323,0.014330203432325706,0.020279895878253316
0.0064887342087814595,0.020279895878253323,0.0145796653744238,0.020279895878253316
0.0066803070446285594,0.020279895878253323,0.014814853148220194,0.020279895878253316
0.006869940630241218,0.020279895878253323,0.015036785126889704,0.020279895878253316
0.007057591737274321,0.020279895878253323,0.015246395757602223,0.020279895878253316
0.007243223951488865,0.020279895878253323,0.015444543047482601,0.020279895878253316
0.007426807012446114,0.020279895878253323,0.015632015355811654,0.020279895878253316
0.007608316215155193,0.020279895878253323,0.015809537557885146,0.020279895878253316
0.007787731867828195,0.020279895878253323,0.015977776639701936,0.020279895878253316
0.007965038800443566,0.020279895878253323,0.01613734677708724,0.020279895878253316
0.008140225919328939,0.020279895878253323,0.01628881394773283,0.020279895878253316
0.008313285803425769,0.020279895878253323,0.01643270012003148,0.020279895878253316
0.008484214338310576,0.020279895878253323,0.016569487058444306,0.020279895878253316
0.008653010384418751,0.020279895878253323,0.016699619781370682,0.020279895878253316
0.008819675476258112,0.020279895878253323,0.016823509704035816,0.020279895878253316
0.00898421354969736,0.020279895878253323,0.016941537495895755,0.020279895878253316
0.00914663069469748,0.020279895878253323,0.01705405567922373,0.020279895878253316
0.009306934931096748,0.020279895878253323,0.01716139099303802,0.020279895878253316
0.009465136005291905,0.020279895878253323,0.01726384654423669,0.020279895878253316
0.009621245205858808,0.020279895878253323,0.017361703765744682,0.020279895878253316
0.009775275196343124,0.020279895878253323,0.017455224199586353,0.020279895878253316
0.009927239863614159,0.020279895878253323,0.017544651121164115,0.020279895878253316
0.010077154180334127,0.020279895878253323,0.01763021101940429,0.020279895878253316
0.010225034080224698,0.020279895878253323,0.01771211494611811,0.020279895878253316
0.010370896344940204,0.020279895878253323,0.01779055974664804,0.020279895878253316
0.01051475850147182,0.020279895878253323,0.01786572918269628,0.020279895878253316
0.010656638729098541,0.020279895878253323,0.017937794957305752,0.020279895878253316
0.010796555775007982,0.020279895878253323,0.018006917650885065,0.020279895878253316
0.010934528877779407,0.020279895878253323,0.018073247576466583,0.020279895878253316
0.01107057769800296,0.020279895878253323,0.018136925561560734,0.020279895878253316
0.011204722255379305,0.020279895878253323,0.01819808366324986,0.020279895878253316
0.011336982871697885,0.020279895878253323,0.018256845822634628,0.020279895878253316
0.011467380119159137,0.020279895878253323,0.01831332846405689,0.020279895878253316
0.011595934773543853,0.020279895878253323,0.018367641044138048,0.020279895878253316
0.011722667771790764,0.020279895878253323,0.018419886555094835,0.020279895878253316
0.011847600173573851,0.020279895878253323,0.01847016198647438,0.020279895878253316
0.011970753126520208,0.020279895878253323,0.01851855874896914,0.020279895878253316
0.012092147834730005,0.020279895878253323,0.0185651630637393,0.020279895878253316
0.01221180553030287,0.020279895878253323,0.018610056320255648,0.020279895878253316
0.012329747447595749,0.020279895878253323,0.01865331540546434,0.020279895878253316
0.01244599479996704,0.020279895878253323,0.01869501300675723,0.020279895878253316
0.012560568758776496,0.020279895878253323,0.01873521789110913,0.020279895878253316
0.012673490434445758,0.020279895878253323,0.01877399516236121,0.020279895878253316
0.01278478085938549,0.020279895878253323,0.018811406498630764,0.020279895878253316
0.012894460972628103,0.020279895878253323,0.01884751037149088,0.020279895878253316
0.013002551606009006,0.020279895878253323,0.018882362248529627,0.020279895878253316
0.0131090734717601,0.020279895878253323,0.018916014780667983,0.020279895878253316
0.013214047151387043,0.020279895878253323,0.01894851797556086,0.020279895878253316
0.013317493085719681,0.020279895878253323,0.018979919358217315,0.020279895878253316
0.013419431566026749,0.020279895878253323,0.019010264119940598,0.020279895878253316
0.013519882726104332,0.020279895878253323,0.01903959525652788,0.020279895878253316
0.013618866535250495,0.020279895878253323,0.01906795369663712,0.020279895878253316
0.013716402792046471,0.020279895878253323,0.019095378421110906,0.020279895878253316
0.013812511118874533,0.020279895878253323,0.019121906574015524,0.020279895878253316
0.013907210957108425,0.020279895878253323,0.019147573566023014,0.020279895878253316
0.014000521562915659,0.020279895878253323,0.019172413170780632,0.020279895878253316
0.014092462003617702,0.020279895878253323,0.019196457614826183,0.020279895878253316
0.014183051154562525,0.020279895878253323,0.019219737661516585,0.020279895878253316
0.014272307696458765,0.020279895878253323,0.019242282689488514,0.020279895878253316
0.014360250113137556,0.020279895878253323,0.019264120766026207,0.020279895878253316
0.014446896689699892,0.020279895878253323,0.019285278715757814,0.020279895878253316
0.014532265511016041,0.020279895878253323,0.019305782185031397,0.020279895878253316
0.014616374460551534,0.020279895878253323,0.019325655702252538,0.020279895878253316
0.014699241219482025,0.020279895878253323,0.019344922734555445,0.020279895878253316
0.014780883266081679,0.020279895878253323,0.01936360574100117,0.020279895878253316
0.014861317875352237,0.020279895878253323,0.019381726222612698,0.020279895878253316
0.014940562118878785,0.020279895878253323,0.019399304769433016,0.020279895878253316
0.015018632864886203,0.020279895878253323,0.019416361104854153,0.020279895878253316
0.015095546778483442,0.020279895878253323,0.019432914127368483,0.020279895878253316
0.015171320322075582,0.020279895878253323,0.019448981949957277,0.020279895878253316
0.015245969755930192,0.020279895878253323,0.019464581937258932,0.020279895878253316
0.015319511138884967,0.020279895878253323,0.019479730740658917,0.020279895878253316
0.015391960329180056,0.020279895878253323,0.01949444433147564,0.020279895878253316
0.015463332985409934,0.020279895878253323,0.019508738032315922,0.020279895878253316
0.01553364456757723,0.020279895878253323,0.019522626546773815,0.020279895878253316
0.01560291033824397,0.020279895878253323,0.01953612398753314,0.020279895878253316
0.015671145363767947,0.020279895878253323,0.019549243903011135,0.020279895878253316
0.015738364515618067,0.020279895878253323,0.019561999302608928,0.020279895878253316
0.015804582471759858,0.020279895878253323,0.019574402680670545,0.020279895878253316
0.015869813718105308,0.020279895878253323,0.019586466039216044,0.020279895878253316
0.01593407255001754,0.020279895878253323,0.019598200909553137,0.020279895878253316
0.01599737307387079,0.020279895878253323,0.019609618372776385,0.020279895878253316
0.01605972920865135,0.020279895878253323,0.019620729079297853,0.020279895878253316
0.016121154687603622,0.020279895878253323,0.019631543267384675,0.020279895878253316
0.01618166305991041,0.020279895878253323,0.019642070780818997,0.020279895878253316
0.016241267692404176,0.020279895878253323,0.019652321085715633,0.020279895878253316
0.016299981771309,0.020279895878253323,0.019662303286520785,0.020279895878253316
0.016357818304004432,0.020279895878253323,0.019672026141273027,0.020279895878253316
0.016414790120811318,0.020279895878253323,0.019681498076142355,0.020279895878253316
0.0164709098767972,0.020279895878253323,0.019690727199286998,0.020279895878253316
0.016526190053593952,0.020279895878253323,0.019699721314086684,0.020279895878253316
0.01658064296123056,0.020279895878253323,0.019708487931758806,0.020279895878253316
0.016634280739974534,0.020279895878253323,0.019717034283402067,0.020279895878253316
0.01668711536218182,0.020279895878253323,0.01972536733150139,0.020279895878253316
0.016739158634152266,0.020279895878253323,0.01973349378091566,0.020279895878253316
0.01679042219798952,0.020279895878253323,0.019741420089367342,0.020279895878253316
0.016840917533462278,0.020279895878253323,0.019749152477481456,0.020279895878253316
0.0168906559598673,0.020279895878253323,0.019756696938364106,0.020279895878253316
0.016939648637890065,0.020279895878253323,0.01976405924677765,0.020279895878253316
0.016987906571464064,0.020279895878253323,0.019771244967908646,0.020279895878253316
0.017035440609626234,0.020279895878253323,0.019778259465754327,0.020279895878253316
0.01708226144836717,0.020279895878253323,0.0197851079111488,0.020279895878253316
0.017128379632475637,0.020279895878253323,0.019791795289449684,0.020279895878253316
0.017173805557377332,0.020279895878253323,0.019798326407878493,0.020279895878253316
0.017218549470962994,0.020279895878253323,0.01980470590257932,0.020279895878253316
0.01726262147541147,0.020279895878253323,0.019810938245339273,0.020279895878253316
0.01730603152899965,0.020279895878253323,0.019817027750064935,0.020279895878253316
0.017348789447906306,0.020279895878253323,0.019822978578942996,0.020279895878253316
0.017390904907999796,0.020279895878253323,0.0198287947483928,0.020279895878253316
0.01743238744662023,0.020279895878253323,0.019834480134718554,0.020279895878253316
0.017473246464344148,0.020279895878253323,0.019840038479573812,0.020279895878253316
0.017513491226740313,0.020279895878253323,0.01984547339516194,0.020279895878253316
0.01755313086611185,0.020279895878253323,0.019850788369235983,0.020279895878253316
0.017592174383223087,0.020279895878253323,0.01985598676990176,0.020279895878253316
0.017630630649014843,0.020279895878253323,0.019861071850206087,0.020279895878253316
0.017668508406303685,0.020279895878253323,0.019866046752553206,0.020279895878253316
0.017705816271469357,0.020279895878253323,0.01987091451291741,0.020279895878253316
0.01774256273612346,0.020279895878253323,0.019875678064916778,0.020279895878253316
0.0177787561687671,0.020279895878253323,0.019880340243688965,0.020279895878253316
0.017814404816430415,0.020279895878253323,0.019884903789632632,0.020279895878253316
0.017849516806298846,0.020279895878253323,0.019889371351979265,0.020279895878253316
0.017884100147321405,0.020279895878253323,0.01989374549224074,0.020279895878253316
0.017918162731804934,0.020279895878253323,0.019898028687504125,0.020279895878253316
0.017951712336992512,0.020279895878253323,0.019902223333589604,0.020279895878253316
0.017984756626624226,0.020279895878253323,0.01990633174809955,0.020279895878253316
0.01801730315248369,0.020279895878253323,0.019910356173324976,0.020279895878253316
0.018049359355926706,0.020279895878253323,0.019914298779056275,0.020279895878253316
0.018080932569394994,0.020279895878253323,0.019918161665262422,0.020279895878253316
0.018112030017912374,0.020279895878253323,0.019921946864681052,0.020279895878253316
0.01814265882056537,0.020279895878253323,0.01992565634529253,0.020279895878253316
0.018172825991968084,0.020279895878253323,0.019929292012697147,0.020279895878253316
0.01820253844370856,0.020279895878253323,0.01993285571241111,0.020279895878253316
0.018231802985781226,0.020279895878253323,0.019936349232049955,0.020279895878253316
0.018260626328000424,0.020279895878253323,0.019939774303454432,0.020279895878253316
0.018289015081400493,0.020279895878253323,0.019943132604701947,0.020279895878253316
0.01831697575961668,0.020279895878253323,0.019946425762062674,0.020279895878253316
0.018344514780251956,0.020279895878253323,0.01994965535186619,0.020279895878253316
0.01837163846622608,0.020279895878253323,0.019952822902301097,0.020279895878253316
0.018398353047109982,0.020279895878253323,0.019955929895139002,0.020279895878253316
0.018424664660442187,0.020279895878253323,0.01995897776739941,0.020279895878253316
0.0184505793530311,0.020279895878253323,0.019961967912940005,0.020279895878253316
0.0184761030822401,0.020279895878253323,0.019964901683993713,0.020279895878253316
0.018501241717257394,0.020279895878253323,0.01996778039263971,0.020279895878253316
0.018526001040349585,0.020279895878253323,0.01997060531222048,0.020279895878253316
0.018550386748100535,0.020279895878253323,0.019973377678702463,0.020279895878253316
0.01857440445263308,0.020279895878253323,0.019976098691991385,0.020279895878253316
0.018598059682816293,0.020279895878253323,0.019978769517188053,0.020279895878253316
0.018621357885458167,0.020279895878253323,0.019981391285794816,0.020279895878253316
0.018644304426481458,0.020279895878253323,0.019983965096883615,0.020279895878253316
0.018666904592085146,0.020279895878253323,0.019986492018216315,0.020279895878253316
0.0186891635898907,0.020279895878253323,0.019988973087320734,0.020279895878253316
0.018711086550074352,0.020279895878253323,0.019991409312523512,0.020279895878253316
0.01873267852648301,0.020279895878253323,0.019993801673948746,0.020279895878253316
0.018753944497736125,0.020279895878253323,0.019996151124483615,0.020279895878253316
0.018774889368314413,0.020279895878253323,0.019998458590685792,0.020279895878253316
0.018795517969632893,0.020279895878253323,0.02000072497367468,0.020279895878253316
0.018815835061097817,0.020279895878253323,0.020002951150003397,0.020279895878253316
0.018835845331154618,0.020279895878253323,0.020005137972452947,0.020279895878253316
0.018855553398316363,0.020279895878253323,0.020007286270840294,0.020279895878253316
0.018874963812182094,0.020279895878253323,0.020009396852773226,0.020279895878253316
0.018894081054438832,0.020279895878253323,0.02001147050439295,0.020279895878253316
0.01891290953985311,0.020279895878253323,0.0200135079910596,0.020279895878253316
0.018931453617246234,0.020279895878253323,0.020015510058044035,0.020279895878253316
0.018949717570456884,0.020279895878253323,0.020017477431185347,0.020279895878253316
0.018967705619291342,0.020279895878253323,0.020019410817515522,0.020279895878253316
0.018985421920461164,0.020279895878253323,0.02002131090585928,0.020279895878253316
0.01900287056850649,0.020279895878253323,0.02002317836742437,0.020279895878253316
0.019020055596706345,0.020279895878253323,0.020025013856370344,0.020279895878253316
0.019036980977979335,0.020279895878253323,0.02002681801033555,0.020279895878253316
0.019053650625768515,0.020279895878253323,0.02002859145096794,0.020279895878253316
0.01907006839491522,0.020279895878253323,0.020030334784431905,0.020279895878253316
0.019086238082521977,0.020279895878253323,0.020032048601880407,0.020279895878253316
0.019102163428801434,0.020279895878253323,0.020033733479929313,0.020279895878253316
0.01911784811791361,0.020279895878253323,0.020035389981112893,0.020279895878253316
0.019133295778793784,0.020279895878253323,0.020037018654304083,0.020279895878253316
0.019148509985965165,0.020279895878253323,0.02003862003514688,0.020279895878253316
0.019163494260343042,0.020279895878253323,0.020040194646449613,0.020279895878253316
0.019178252070026387,0.020279895878253323,0.020041742998575786,0.020279895878253316
0.019192786831078272,0.020279895878253323,0.02004326558981996,0.020279895878253316
0.019207101908295457,0.020279895878253323,0.020044762906768224,0.020279895878253316
0.019221200615966105,0.020279895878253323,0.020046235424655577,0.020279895878253316
0.019235086218619264,0.020279895878253323,0.020047683607685638,0.020279895878253316
0.019248761931761497,0.020279895878253323,0.020049107909360535,0.020279895878253316
0.019262230922601875,0.020279895878253323,0.020050508772808777,0.020279895878253316
0.01927549631077017,0.020279895878253323,0.02005188663107281,0.020279895878253316
0.019288561169022465,0.020279895878253323,0.020053241907400467,0.020279895878253316
0.019301428523936605,0.020279895878253323,0.02005457501553129,0.020279895878253316
0.01931410135659843,0.020279895878253323,0.020055886359968522,0.020279895878253316
0.019326582603277943,0.020279895878253323,0.020057176336238547,0.020279895878253316
0.019338875156094903,0.020279895878253323,0.020058445331149626,0.020279895878253316
0.01935098186367681,0.020279895878253323,0.02005969372302892,0.020279895878253316
0.01936290553180503,0.020279895878253323,0.020060921881964885,0.020279895878253316
0.01937464892405319,0.020279895878253323,0.020062130170035726,0.020279895878253316
0.019386214762416445,0.020279895878253323,0.020063318941521493,0.020279895878253316
0.019397605727929267,0.020279895878253323,0.02006448854313497,0.020279895878253316
0.019408824461278385,0.020279895878253323,0.020065639314205425,0.020279895878253316
0.019419873563403117,0.020279895878253323,0.02006677158689175,0.020279895878253316
0.019430755596087975,0.020279895878253323,0.02006788568637653,0.020279895878253316
0.01944147308254771,0.020279895878253323,0.020068981931049442,0.020279895878253316
0.019452028508003826,0.020279895878253323,0.020070060632676568,0.020279895878253316
0.01946242432025015,0.020279895878253323,0.02007112209659623,0.020279895878253316
0.01947266293021363,0.020279895878253323,0.02007216662186801,0.020279895878253316
0.019482746712504894,0.020279895878253323,0.020073194501443885,0.020279895878253316
0.019492678005960745,0.020279895878253323,0.02007420602232747,0.020279895878253316
0.019502459114179478,0.020279895878253323,0.020075201465723932,0.020279895878253316
0.01951209230604792,0.020279895878253323,0.020076181107189377,0.020279895878253316
0.01952157981626119,0.020279895878253323,0.020077145216770325,0.020279895878253316
0.01953092384583419,0.020279895878253323,0.020078094059145863,0.020279895878253316
0.019540126562605637,0.020279895878253323,0.020079027893763143,0.020279895878253316
0.019549190101735524,0.020279895878253323,0.020079946974960995,0.020279895878253316
0.01955811656619362,0.020279895878253323,0.020080851552108092,0.020279895878253316
0.0195669080272434,0.020279895878253323,0.020081741869708226,0.020279895878253316
0.019575566524916186,0.020279895878253323,0.020082618167529463,0.020279895878253316
0.019584094068479375,0.020279895878253323,0.020083480680718736,0.020279895878253316
0.01959249263689837,0.020279895878253323,0.020084329639907077,0.020279895878253316
0.019600764179290197,0.020279895878253323,0.020085165271326106,0.020279895878253316
0.019608910615372514,0.020279895878253323,0.020085987796900445,0.020279895878253316
0.019616933835903305,0.020279895878253323,0.0200867974343641,0.020279895878253316
0.01962483570311675,0.020279895878253323,0.020087594397345,0.020279895878253316
0.019632618051151393,0.020279895878253323,0.020088378895464644,0.020279895878253316
0.019640282686470983,0.020279895878253323,0.02008915113443659,0.020279895878253316
0.019647831388280926,0.020279895878253323,0.020089911316150955,0.020279895878253316
0.019655265908937868,0.020279895878253323,0.020090659638759542,0.020279895878253316
0.019662587974352292,0.020279895878253323,0.020091396296767153,0.020279895878253316
0.019669799284386846,0.020279895878253323,0.020092121481107787,0.020279895878253316
0.01967690151324752,0.020279895878253323,0.02009283537922429,0.020279895878253316
0.019683896309868436,0.020279895878253323,0.020093538175155662,0.020279895878253316
0.019690785298293323,0.020279895878253323,0.020094230049600127,0.020279895878253316
0.019697570078049096,0.020279895878253323,0.020094911179991435,0.020279895878253316
0.019704252224514236,0.020279895878253323,0.020095581740576112,0.020279895878253316
0.01971083328928218,0.020279895878253323,0.02009624190247987,0.020279895878253316
0.019717314800519834,0.020279895878253323,0.020096891833770097,0.020279895878253316
0.019723698263319246,0.020279895878253323,0.020097531699527812,0.020279895878253316
0.019729985160045076,0.020279895878253323,0.02009816166190855,0.020279895878253316
0.019736176950677083,0.020279895878253323,0.020098781880203007,0.020279895878253316
0.019742275073146097,0.020279895878253323,0.020099392510904313,0.020279895878253316
0.01974828094366797,0.020279895878253323,0.020099993707748905,0.020279895878253316
0.019754195957067757,0.020279895878253323,0.020100585621798308,0.020279895878253316
0.01976002148710369,0.020279895878253323,0.02010116840148059,0.020279895878253316
0.019765758886784533,0.020279895878253323,0.02010174219264133,0.020279895878253316
0.019771409488681366,0.020279895878253323,0.02010230713860252,0.020279895878253316
0.01977697460523541,0.020279895878253323,0.020102863380217665,0.020279895878253316
0.01978245552906206,0.020279895878253323,0.02010341105591228,0.020279895878253316
0.01978785353324872,0.020279895878253323,0.020103950301741867,0.020279895878253316
0.019793169871650446,0.020279895878253323,0.020104481251426415,0.020279895878253316
0.01979840577917776,0.020279895878253323,0.020105004036416633,0.020279895878253316
0.01980356247208415,0.020279895878253323,0.02010551878591878,0.020279895878253316
0.01980864114824575,0.020279895878253323,0.02010602562695587,0.020279895878253316
0.019813642987439838,0.020279895878253323,0.020106524684394667,0.020279895878253316
0.019818569151616398,0.020279895878253323,0.020107016081001388,0.020279895878253316
0.01982342078516795,0.020279895878253323,0.020107499937472916,0.020279895878253316
0.019828199015193417,0.020279895878253323,0.02010797637248307,0.020279895878253316
0.01983290495175989,0.020279895878253323,0.02010844550271599,0.020279895878253316
0.01983753968815833,0.020279895878253323,0.02010890744291205,0.020279895878253316
0.019842104301157938,0.020279895878253323,0.02010936230589351,0.020279895878253316
0.019846599851253807,0.020279895878253323,0.020109810202615788,0.020279895878253316
0.019851027382914447,0.020279895878253323,0.020110251242184008,0.020279895878253316
0.019855387924821756,0.020279895878253323,0.020110685531903573,0.020279895878253316
0.0198596824901098,0.020279895878253323,0.02011111317730951,0.020279895878253316
0.019863912076599786,0.020279895878253323,0.020111534282195316,0.020279895878253316
0.019868077667030838,0.020279895878253323,0.02011194894864811,0.020279895878253316
0.019872180229287516,0.020279895878253323,0.020112357277081,0.020279895878253316
0.01987622071662402,0.020279895878253323,0.02011275936626331,0.020279895878253316
0.01988020006788547,0.020279895878253323,0.020113155313347335,0.020279895878253316
0.019884119207724676,0.020279895878253323,0.020113545213902455,0.020279895878253316
0.019887979046816707,0.020279895878253323,0.020113929161942812,0.020279895878253316
0.01989178048206974,0.020279895878253323,0.020114307249956265,0.020279895878253316
0.01989552439683352,0.020279895878253323,0.02011467956892617,0.020279895878253316
0.019899211661103425,0.020279895878253323,0.02011504620836343,0.020279895878253316
0.01990284313172248,0.020279895878253323,0.020115407256329047,0.020279895878253316
0.0199064196525792,0.020279895878253323,0.020115762799469417,0.020279895878253316
0.019909942054804026,0.020279895878253323,0.020116112923029745,0.020279895878253316
0.019913411156961894,0.020279895878253323,0.020116457710884342,0.020279895878253316
0.01991682776524158,0.020279895878253323,0.020116797245559686,0.020279895878253316
0.019920192673642458,0.020279895878253323,0.020117131608262742,0.020279895878253316
0.019923506664159707,0.020279895878253323,0.02011746087889412,0.020279895878253316
0.019926770506964127,0.020279895878253323,0.0201177851360817,0.020279895878253316
0.019929984960582306,0.020279895878253323,0.020118104457190512,0.020279895878253316
0.019933150772070553,0.020279895878253323,0.02011841891836171,0.020279895878253316
0.01993626867719046,0.020279895878253323,0.020118728594513687,0.020279895878253316
0.01993933940057734,0.020279895878253323,0.02011903355938104,0.020279895878253316
0.019942363655909904,0.020279895878253323,0.020119333885523814,0.020279895878253316
0.01994534214607505,0.020279895878253323,0.02011962964434959,0.020279895878253316
0.019948275563331036,0.020279895878253323,0.020119920906135527,0.020279895878253316
0.019951164589468502,0.020279895878253323,0.02012020774004284,0.020279895878253316
0.019954009895967423,0.020279895878253323,0.02012049021414584,0.020279895878253316
0.019956812144153863,0.020279895878253323,0.02012076839544318,0.020279895878253316
0.019959571985353683,0.020279895878253323,0.020121042349870166,0.020279895878253316
0.01996229006104308,0.020279895878253323,0.02012131214232607,0.020279895878253316
0.019964967002996638,0.020279895878253323,0.020121577836696096,0.020279895878253316
0.019967603433436273,0.020279895878253323,0.020121839495846443,0.020279895878253316
0.01997019996517276,0.020279895878253323,0.020122097181670424,0.020279895878253316
0.019972757201750235,0.020279895878253323,0.020122350955079693,0.020279895878253316
0.01997527573758494,0.020279895878253323,0.02012260087603614,0.020279895878253316
0.019977756158103637,0.020279895878253323,0.020122847003561126,0.020279895878253316
0.019980199039879337,0.020279895878253323,0.020123089395752438,0.020279895878253316
0.019982604950765554,0.020279895878253323,0.020123328109796824,0.020279895878253316
0.019984974450027556,0.020279895878253323,0.02012356320198944,0.020279895878253316
0.019987308088471847,0.020279895878253323,0.020123794727749934,0.020279895878253316
0.0199896064085754,0.020279895878253323,0.020124022741627053,0.020279895878253316
0.019991869944609976,0.020279895878253323,0.020124247297325107,0.020279895878253316
0.019994099222767098,0.020279895878253323,0.020124468447710014,0.020279895878253316
0.019996294761280304,0.020279895878253323,0.02012468624482205,0.020279895878253316
0.019998457070544196,0.020279895878253323,0.020124900739901006,0.020279895878253316
0.020000586653235175,0.020279895878253323,0.020125111983376777,0.020279895878253316
0.020002684004425397,0.020279895878253323,0.02012532002491116,0.020279895878253316
0.020004749611700443,0.020279895878253323,0.02012552491338178,0.020279895878253316
0.020006783955269815,0.020279895878253323,0.020125726696920816,0.020279895878253316
0.02000878750808044,0.020279895878253323,0.020125925422909564,0.020279895878253316
0.020010760735926555,0.020279895878253323,0.020126121137988357,0.020279895878253316
0.020012704097556004,0.020279895878253323,0.020126313888085938,0.020279895878253316
0.020014618044778925,0.020279895878253323,0.02012650371841215,0.020279895878253316
0.020016503022570235,0.020279895878253323,0.020126690673490016,0.020279895878253316
0.020018359469175916,0.020279895878253323,0.020126874797139514,0.020279895878253316
0.020020187816212,0.020279895878253323,0.020127056132516443,0.020279895878253316
0.020021988488766483,0.020279895878253323,0.020127234722105758,0.020279895878253316
0.02002376190549738,0.020279895878253323,0.0201274106077389,0.020279895878253316
0.020025508478730907,0.020279895878253323,0.020127583830593494,0.020279895878253316
0.020027228614555373,0.020279895878253323,0.02012775443122492,0.020279895878253316
0.02002892271291718,0.020279895878253323,0.020127922449556593,0.020279895878253316
0.02003059116771267,0.020279895878253323,0.020128087924901568,0.020279895878253316
0.02003223436688043,0.020279895878253323,0.020128250895964827,0.020279895878253316
0.020033852692490972,0.020279895878253323,0.020128411400855695,0.020279895878253316
0.020035446520834888,0.020279895878253323,0.020128569477102308,0.020279895878253316
0.020037016222511462,0.020279895878253323,0.020128725161651453,0.020279895878253316
0.020038562162513974,0.020279895878253323,0.020128878490882702,0.020279895878253316
0.02004008470031457,0.020279895878253323,0.020129029500618352,0.020279895878253316
0.020041584189947413,0.020279895878253323,0.020129178226133346,0.020279895878253316
0.02004306098009182,0.020279895878253323,0.020129324702157385,0.020279895878253316
0.02004451541415285,0.020279895878253323,0.02012946896288586,0.020279895878253316
0.02004594783034049,0.020279895878253323,0.020129611041994174,0.020279895878253316
0.020047358561748625,0.020279895878253323,0.020129750972642604,0.020279895878253316
0.020048747936432944,0.020279895878253323,0.02012988878747731,0.020279895878253316
0.020050116277485777,0.020279895878253323,0.020130024518654137,0.020279895878253316
0.020051463903113315,0.020279895878253323,0.0201301581978245,0.020279895878253316
0.02005279112670704,0.020279895878253323,0.020130289856165363,0.020279895878253316
0.020054098256918437,0.020279895878253323,0.020130419524369933,0.020279895878253316
0.02005538559772927,0.020279895878253323,0.020130547232669806,0.020279895878253316
0.0200566534485233,0.020279895878253323,0.02013067301082878,0.020279895878253316
0.02005790210415578,0.020279895878253323,0.02013079688815379,0.020279895878253316
0.02005913185502153,0.020279895878253323,0.020130918893503314,0.020279895878253316
0.02006034298712121,0.020279895878253323,0.020131039055306933,0.020279895878253316
0.020061535782131025,0.020279895878253323,0.02013115740154181,0.020279895878253316
0.020062710517464506,0.020279895878253323,0.0201312739597723,0.020279895878253316
0.02006386746633954,0.020279895878253323,0.02013138875713418,0.020279895878253316
0.020065006897839945,0.020279895878253323,0.02013150182035646,0.020279895878253316
0.020066129076980122,0.020279895878253323,0.02013161317575077,0.020279895878253316
0.020067234264764595,0.020279895878253323,0.020131722849234653,0.020279895878253316
0.020068322718249983,0.020279895878253323,0.02013183086632561,0.020279895878253316
0.020069394690604123,0.020279895878253323,0.020131937252153276,0.020279895878253316
0.02007045043116452,0.020279895878253323,0.0201320420314688,0.020279895878253316
0.020071490185497764,0.020279895878253323,0.020132145228635507,0.020279895878253316
0.02007251419545416,0.020279895878253323,0.02013224686766027,0.020279895878253316
0.02007352269922676,0.020279895878253323,0.02013234697216972,0.020279895878253316
0.02007451593140427,0.020279895878253323,0.020132445565440162,0.020279895878253316
0.02007549412302693,0.020279895878253323,0.02013254267038934,0.020279895878253316
0.0200764575016399,0.020279895878253323,0.020132638309586958,0.020279895878253316
0.02007740629134621,0.020279895878253323,0.02013273250525511,0.020279895878253316
0.020078340712857953,0.020279895878253323,0.020132825279286212,0.020279895878253316
0.02007926098354853,0.020279895878253323,0.020132916653236452,0.020279895878253316
0.020080167317503703,0.020279895878253323,0.020133006648326495,0.020279895878253316
0.020081059925569564,0.020279895878253323,0.020133095285462844,0.020279895878253316
0.020081939015402873,0.020279895878253323,0.020133182585230773,0.020279895878253316
0.020082804791518624,0.020279895878253323,0.02013326856790599,0.020279895878253316
0.02008365745533915,0.020279895878253323,0.02013335325344243,0.020279895878253316
0.02008449720523788,0.020279895878253323,0.02013343666150803,0.020279895878253316
0.020085324236588206,0.020279895878253323,0.02013351881146218,0.020279895878253316
0.02008613874180766,0.020279895878253323,0.020133599722371644,0.020279895878253316
0.02008694091040304,0.020279895878253323,0.02013367941301163,0.020279895878253316
0.0200877309290136,0.020279895878253323,0.020133757901877804,0.020279895878253316
0.020088508981455633,0.020279895878253323,0.020133835207179807,0.020279895878253316
0.02008927524876432,0.020279895878253323,0.02013391134685246,0.020279895878253316
0.020090029909235883,0.020279895878253323,0.020133986338560936,0.020279895878253316
0.02009077313847019,0.020279895878253323,0.020134060199691804,0.020279895878253316
0.020091505109409866,0.020279895878253323,0.020134132947374553,0.020279895878253316
0.020092225992381054,0.020279895878253323,0.020134204598480105,0.020279895878253316
0.02009293595513334,0.020279895878253323,0.020134275169620318,0.020279895878253316
0.020093635162878196,0.020279895878253323,0.02013434467715907,0.020279895878253316
0.02009432377832795,0.020279895878253323,0.0201344131372091,0.020279895878253316
0.020095001961733604,0.020279895878253323,0.020134480565635514,0.020279895878253316
0.020095669870921866,0.020279895878253323,0.02013454697806199,0.020279895878253316
0.02009632766133136,0.020279895878253323,0.020134612389879052,0.020279895878253316
0.020096975486049065,0.020279895878253323,0.02013467681624464,0.020279895878253316
0.020097613495846094,0.020279895878253323,0.020134740272085616,0.020279895878253316
0.02009824183921305,0.020279895878253323,0.020134802772097622,0.020279895878253316
0.020098860662393307,0.020279895878253323,0.020134864330761056,0.020279895878253316
0.020099470109418382,0.020279895878253323,0.020134924962331022,0.020279895878253316
0.020100070322140638,0.020279895878253323,0.020134984680847325,0.020279895878253316
0.02010066144026636,0.020279895878253323,0.02013504350013801,0.020279895878253316
0.02010124360138842,0.020279895878253323,0.02013510143381889,0.020279895878253316
0.020101816941018136,0.020279895878253323,0.020135158495299812,0.020279895878253316
0.02010238159261611,0.020279895878253323,0.02013521469779251,0.020279895878253316
0.02010293768762451,0.020279895878253323,0.020135270054302757,0.020279895878253316
0.020103485355496765,0.020279895878253323,0.020135324577640206,0.020279895878253316
0.02010402472372764,0.020279895878253323,0.020135378280422868,0.020279895878253316
0.02010455591788324,0.020279895878253323,0.02013543117507453,0.020279895878253316
0.02010507906163045,0.020279895878253323,0.0201354832738277,0.020279895878253316
0.020105594276764574,0.020279895878253323,0.02013553458873539,0.020279895878253316
0.02010610168323869,0.020279895878253323,0.020135585131663955,0.020279895878253316
0.02010660139919079,0.020279895878253323,0.020135634914303483,0.020279895878253316
0.02010709354097188,0.020279895878253323,0.020135683948163684,0.020279895878253316
0.02010757822317235,0.020279895878253323,0.020135732244583412,0.020279895878253316
0.020108055558649585,0.020279895878253323,0.020135779814723878,0.020279895878253316
0.020108525658552864,0.020279895878253323,0.020135826669583638,0.020279895878253316
0.02010898863235044,0.020279895878253323,0.020135872819990245,0.020279895878253316
0.020109444587854283,0.020279895878253323,0.02013591827660758,0.020279895878253316
0.020109893631245542,0.020279895878253323,0.020135963049936357,0.020279895878253316
0.02011033586709857,0.020279895878253323,0.020136007150321798,0.020279895878253316
0.020110771398405242,0.020279895878253323,0.020136050587955052,0.020279895878253316
0.02011120032660056,0.020279895878253323,0.020136093372862863,0.020279895878253316
0.020111622751583753,0.020279895878253323,0.020136135514928672,0.020279895878253316
0.02011203877174302,0.020279895878253323,0.020136177023884722,0.020279895878253316
0.020112448483978772,0.020279895878253323,0.020136217909308543,0.020279895878253316
0.020112851983724325,0.020279895878253323,0.020136258180642755,0.020279895878253316
0.02011324936496964,0.020279895878253323,0.020136297847183248,0.020279895878253316
0.020113640720282554,0.020279895878253323,0.020136336918085775,0.020279895878253316
0.020114026140830646,0.020279895878253323,0.020136375402366492,0.020279895878253316
0.020114405716402727,0.020279895878253323,0.020136413308899117,0.020279895878253316
0.020114779535427917,0.020279895878253323,0.02013645064643626,0.020279895878253316
0.02011514768499867,0.020279895878253323,0.020136487423585606,0.020279895878253316
0.020115510250889868,0.020279895878253323,0.02013652364882508,0.020279895878253316
0.020115867317577606,0.020279895878253323,0.020136559330513795,0.020279895878253316
0.02011621896826061,0.020279895878253323,0.020136594476879113,0.020279895878253316
0.02011656528487907,0.020279895878253323,0.020136629096020462,0.020279895878253316
0.02011690634813323,0.020279895878253323,0.020136663195918236,0.020279895878253316
0.020117242237502404,0.020279895878253323,0.020136696784433045,0.020279895878253316
0.020117573031263648,0.020279895878253323,0.020136729869302327,0.020279895878253316
0.020117898806509393,0.020279895878253323,0.020136762458151793,0.020279895878253316
0.020118219639166355,0.020279895878253323,0.020136794558484963,0.020279895878253316
0.020118535604012278,0.020279895878253323,0.020136826177694273,0.020279895878253316
0.020118846774693267,0.020279895878253323,0.020136857323063858,0.020279895878253316
0.02011915322374171,0.020279895878253323,0.02013688800176301,0.020279895878253316
0.020119455022592225,0.020279895878253323,0.020136918220855702,0.020279895878253316
0.020119752241598832,0.020279895878253323,0.02013694798729854,0.020279895878253316
0.020120044950051385,0.020279895878253323,0.020136977307939955,0.020279895878253316
0.020120333216191128,0.020279895878253323,0.020137006189528153,0.020279895878253316
0.020120617107227054,0.020279895878253323,0.020137034638707245,0.020279895878253316
0.02012089668935131,0.020279895878253323,0.020137062662021643,0.020279895878253316
0.020121172027754868,0.020279895878253323,0.02013709026591297,0.020279895878253316
0.0201214431866418,0.020279895878253323,0.020137117456732804,0.020279895878253316
0.020121710229245297,0.020279895878253323,0.0201371442407312,0.020279895878253316
0.020121973217842138,0.020279895878253323,0.020137170624061288,0.020279895878253316
0.02012223221376601,0.020279895878253323,0.020137196612792133,0.020279895878253316
0.020122487277423582,0.020279895878253323,0.02013722221289169,0.020279895878253316
0.020122738468307536,0.020279895878253323,0.020137247430238082,0.020279895878253316
0.020122985845009607,0.020279895878253323,0.020137272270630086,0.020279895878253316
0.02012322946523623,0.020279895878253323,0.020137296739766393,0.020279895878253316
0.020123469385819853,0.020279895878253323,0.020137320843269794,0.020279895878253316
0.02012370566273401,0.020279895878253323,0.020137344586667837,0.020279895878253316
0.020123938351104306,0.020279895878253323,0.020137367975415488,0.020279895878253316
0.0201241675052234,0.020279895878253323,0.02013739101487592,0.020279895878253316
0.02012439317856175,0.020279895878253323,0.020137413710336834,0.020279895878253316
0.020124615423781026,0.020279895878253323,0.020137436067006246,0.020279895878253316
0.020124834292747043,0.020279895878253323,0.020137458090003724,0.020279895878253316
0.02012504983653972,0.020279895878253323,0.020137479784383037,0.020279895878253316
0.020125262105467417,0.020279895878253323,0.02013750115510996,0.020279895878253316
0.02012547114907569,0.020279895878253323,0.020137522207091172,0.020279895878253316
0.020125677016162045,0.020279895878253323,0.02013754294514418,0.020279895878253316
0.020125879754784342,0.020279895878253323,0.02013756337402692,0.020279895878253316
0.02012607941227484,0.020279895878253323,0.02013758349841117,0.020279895878253316
0.02012627603524874,0.020279895878253323,0.020137603322907545,0.020279895878253316
0.02012646966961695,0.020279895878253323,0.020137622852047284,0.020279895878253316
0.02012666036059432,0.020279895878253323,0.020137642090306367,0.020279895878253316
0.020126848152711922,0.020279895878253323,0.020137661042091956,0.020279895878253316
0.020127033089828966,0.020279895878253323,0.020137679711725254,0.020279895878253316
0.02012721521513885,0.020279895878253323,0.02013769810348451,0.020279895878253316
0.020127394571182407,0.020279895878253323,0.02013771622157399,0.020279895878253316
0.020127571199857336,0.020279895878253323,0.020137734070130045,0.020279895878253316
0.02012774514242639,0.020279895878253323,0.02013775165323649,0.020279895878253316
0.02012791643952898,0.020279895878253323,0.02013776897490621,0.020279895878253316
0.020128085131189598,0.020279895878253323,0.02013778603909272,0.020279895878253316
0.02012825125682628,0.020279895878253323,0.02013780284969763,0.020279895878253316
0.020128414855261588,0.020279895878253323,0.020137819410556042,0.020279895878253316
0.020128575964730312,0.020279895878253323,0.020137835725448132,0.020279895878253316
0.02012873462288886,0.020279895878253323,0.020137851798096275,0.020279895878253316
0.02012889086682462,0.020279895878253323,0.020137867632160075,0.020279895878253316
0.02012904473306257,0.020279895878253323,0.020137883231256152,0.020279895878253316
0.02012919625757566,0.020279895878253323,0.02013789859894111,0.020279895878253316
0.02012934547579356,0.020279895878253323,0.020137913738707953,0.020279895878253316
0.020129492422608742,0.020279895878253323,0.02013792865400812,0.020279895878253316
0.02012963713238555,0.020279895878253323,0.02013794334824413,0.020279895878253316
0.02012977963896955,0.020279895878253323,0.020137957824755318,0.020279895878253316
0.020129919975693664,0.020279895878253323,0.02013797208683579,0.020279895878253316
0.020130058175386004,0.020279895878253323,0.020137986137735722,0.020279895878253316
0.02013019427037935,0.020279895878253323,0.020137999980641568,0.020279895878253316
0.02013032829251561,0.020279895878253323,0.020138013618710194,0.020279895878253316
0.02013046027315659,0.020279895878253323,0.020138027055032745,0.020279895878253316
0.020130590243188255,0.020279895878253323,0.02013804029266843,0.020279895878253316
0.02013071823303023,0.020279895878253323,0.020138053334619554,0.020279895878253316
0.020130844272641408,0.020279895878253323,0.020138066183849165,0.020279895878253316
0.020130968391527584,0.020279895878253323,0.020138078843272966,0.020279895878253316
0.020131090618748397,0.020279895878253323,0.02013809131576077,0.020279895878253316
0.020131210982923562,0.020279895878253323,0.02013810360414116,0.020279895878253316
0.020131329512239313,0.020279895878253323,0.020138115711205166,0.020279895878253316
0.020131446234456545,0.020279895878253323,0.020138127639690254,0.020279895878253316
0.020131561176915575,0.020279895878253323,0.02013813939229848,0.020279895878253316
0.02013167436654264,0.020279895878253323,0.020138150971695315,0.020279895878253316
0.020131785829857266,0.020279895878253323,0.02013816238049937,0.020279895878253316
0.020131895592977612,0.020279895878253323,0.020138173621290608,0.020279895878253316
0.020132003681626362,0.020279895878253323,0.020138184696613978,0.020279895878253316
0.020132110121137702,0.020279895878253323,0.020138195608968828,0.020279895878253316
0.020132214936461876,0.020279895878253323,0.02013820636082253,0.020279895878253316
0.020132318152172066,0.020279895878253323,0.02013821695460259,0.020279895878253316
0.020132419792468655,0.020279895878253323,0.020138227392708107,0.020279895878253316
0.020132519881187416,0.020279895878253323,0.020138237677488548,0.020279895878253316
0.020132618441803207,0.020279895878253323,0.020138247811259027,0.020279895878253316
0.02013271549743422,0.020279895878253323,0.020138257796315527,0.020279895878253316
0.02013281107085078,0.020279895878253323,0.02013826763490104,0.020279895878253316
0.020132905184477815,0.020279895878253323,0.020138277329231756,0.020279895878253316
0.020132997860401125,0.020279895878253323,0.02013828688149051,0.020279895878253316
0.02013308912037211,0.020279895878253323,0.020138296293829187,0.020279895878253316
0.02013317898581346,0.020279895878253323,0.020138305568363227,0.020279895878253316
0.020133267477823583,0.020279895878253323,0.020138314707177828,0.020279895878253316
0.02013335461718144,0.020279895878253323,0.020138323712329122,0.020279895878253316
0.020133440424352597,0.020279895878253323,0.020138332585831906,0.020279895878253316
0.020133524919491632,0.020279895878253323,0.02013834132968492,0.020279895878253316
0.020133608122449003,0.020279895878253323,0.020138349945847882,0.020279895878253316
0.02013369005277449,0.020279895878253323,0.020138358436255,0.020279895878253316
0.020133770729722243,0.020279895878253323,0.020138366802808963,0.020279895878253316
0.02013385017225549,0.020279895878253323,0.0201383750473806,0.020279895878253316
0.020133928399050087,0.020279895878253323,0.020138383171816737,0.020279895878253316
0.02013400542849935,0.020279895878253323,0.02013839117793635,0.020279895878253316
0.020134081278718678,0.020279895878253323,0.02013839906752743,0.020279895878253316
0.020134155967549156,0.020279895878253323,0.020138406842352397,0.020279895878253316
0.020134229512561812,0.020279895878253323,0.02013841450414929,0.020279895878253316
0.02013430193106161,0.020279895878253323,0.020138422054632107,0.020279895878253316
0.020134373240092682,0.020279895878253323,0.020138429495478494,0.020279895878253316
0.020134443456440457,0.020279895878253323,0.020138436828349378,0.020279895878253316
0.020134512596636497,0.020279895878253323,0.020138444054880023,0.020279895878253316
0.020134580676962256,0.020279895878253323,0.020138451176679513,0.020279895878253316
0.02013464771345317,0.020279895878253323,0.02013845819533222,0.020279895878253316
0.020134713721901495,0.020279895878253323,0.02013846511240129,0.020279895878253316
0.02013477871786161,0.020279895878253323,0.02013847192941738,0.020279895878253316
0.0201348427166514,0.020279895878253323,0.020138478647900044,0.020279895878253316
0.02013490573335824,0.020279895878253323,0.02013848526933173,0.020279895878253316
0.02013496778283989,0.020279895878253323,0.020138491795187567,0.020279895878253316
0.02013502887972964,0.020279895878253323,0.020138498226916258,0.020279895878253316
0.02013508903844058,0.020279895878253323,0.020138504565933434,0.020279895878253316
0.020135148273165836,0.020279895878253323,0.020138510813651415,0.020279895878253316
0.020135206597885442,0.020279895878253323,0.020138516971445444,0.020279895878253316
0.020135264026367103,0.020279895878253323,0.02013852304067796,0.020279895878253316
0.02013532057217063,0.020279895878253323,0.020138529022686785,0.020279895878253316
0.020135376248650125,0.020279895878253323,0.020138534918794873,0.020279895878253316
0.020135431068958373,0.020279895878253323,0.020138540730297857,0.020279895878253316
0.020135485046048424,0.020279895878253323,0.020138546458479872,0.020279895878253316
0.020135538192677858,0.020279895878253323,0.020138552104600114,0.020279895878253316
0.020135590521410986,0.020279895878253323,0.02013855766990122,0.020279895878253316
0.02013564204462238,0.020279895878253323,0.02013856315560351,0.020279895878253316
0.02013569277449918,0.020279895878253323,0.020138568562911085,0.020279895878253316
0.020135742723043682,0.020279895878253323,0.020138573893014693,0.020279895878253316
0.02013579190207751,0.020279895878253323,0.020138579147077118,0.020279895878253316
0.02013584032324254,0.020279895878253323,0.020138584326253463,0.020279895878253316
0.020135887998004975,0.020279895878253323,0.02013858943167604,0.020279895878253316
0.020135934937658157,0.020279895878253323,0.020138594464454544,0.020279895878253316
0.020135981153323462,0.020279895878253323,0.0201385994256919,0.020279895878253316
0.02013602665595394,0.020279895878253323,0.020138604316475975,0.020279895878253316
0.02013607145633819,0.020279895878253323,0.02013860913786517,0.020279895878253316
0.020136115565100532,0.020279895878253323,0.02013861389091244,0.020279895878253316
0.02013615899270516,0.020279895878253323,0.020138618576648556,0.020279895878253316
0.020136201749456968,0.020279895878253323,0.02013862319609866,0.020279895878253316
0.020136243845506253,0.020279895878253323,0.020138627750259624,0.020279895878253316
0.020136285290848654,0.020279895878253323,0.02013863224012355,0.020279895878253316
0.020136326095329473,0.020279895878253323,0.020138636666658955,0.020279895878253316
0.02013636626864413,0.020279895878253323,0.020138641030828415,0.020279895878253316
0.020136405820341857,0.020279895878253323,0.020138645333576146,0.020279895878253316
0.02013644475982764,0.020279895878253323,0.020138649575828914,0.020279895878253316
0.020136483096363903,0.020279895878253323,0.020138653758502125,0.020279895878253316
0.020136520839073847,0.020279895878253323,0.020138657882488708,0.020279895878253316
0.02013655799694035,0.020279895878253323,0.02013866194869096,0.020279895878253316
0.02013659457881234,0.020279895878253323,0.02013866595797731,0.020279895878253316
0.02013663059340457,0.020279895878253323,0.020138669911206608,0.020279895878253316
0.020136666049299718,0.020279895878253323,0.020138673809227615,0.020279895878253316
0.020136700954950352,0.020279895878253323,0.02013867765287679,0.020279895878253316
0.02013673531868139,0.020279895878253323,0.020138681442977896,0.020279895878253316
0.02013676914869197,0.020279895878253323,0.020138685180339466,0.020279895878253316
0.02013680245305642,0.020279895878253323,0.020138688865765066,0.020279895878253316
0.020136835239728396,0.020279895878253323,0.020138692500031967,0.020279895878253316
0.0201368675165399,0.020279895878253323,0.02013869608391868,0.020279895878253316
0.020136899291205237,0.020279895878253323,0.020138699618183483,0.020279895878253316
0.020136930571321134,0.020279895878253323,0.020138703103583053,0.020279895878253316
0.02013696136437004,0.020279895878253323,0.020138706540854198,0.020279895878253316
0.020136991677721497,0.020279895878253323,0.020138709930721636,0.020279895878253316
0.020137021518632777,0.020279895878253323,0.020138713273905286,0.020279895878253316
0.02013705089425168,0.020279895878253323,0.020138716571111524,0.020279895878253316
0.02013707981161786,0.020279895878253323,0.020138719823036264,0.020279895878253316
0.020137108277664368,0.020279895878253323,0.02013872303036589,0.020279895878253316
0.020137136299219646,0.020279895878253323,0.020138726193772823,0.020279895878253316
0.020137163883008544,0.020279895878253323,0.020138729313923475,0.020279895878253316
0.020137191035654277,0.020279895878253323,0.020138732391471376,0.020279895878253316
0.020137217763680215,0.020279895878253323,0.020138735427057776,0.020279895878253316
0.0201372440735106,0.020279895878253323,0.02013873842131851,0.020279895878253316
0.020137269971471805,0.020279895878253323,0.02013874137488597,0.020279895878253316
0.02013729546379601,0.020279895878253323,0.0201387442883685,0.020279895878253316
0.020137320556620156,0.020279895878253323,0.02013874716237408,0.020279895878253316
0.0201373452559883,0.020279895878253323,0.02013874999750246,0.020279895878253316
0.020137369567853346,0.020279895878253323,0.020138752794340634,0.020279895878253316
0.02013739349807847,0.020279895878253323,0.02013875555346399,0.020279895878253316
0.020137417052437455,0.020279895878253323,0.02013875827544573,0.020279895878253316
0.0201374402366169,0.020279895878253323,0.020138760960849135,0.020279895878253316
0.020137463056217317,0.020279895878253323,0.020138763610229017,0.020279895878253316
0.020137485516755135,0.020279895878253323,0.020138766224125713,0.020279895878253316
0.02013750762366278,0.020279895878253323,0.020138768803076516,0.020279895878253316
0.020137529382289507,0.020279895878253323,0.020138771347620335,0.020279895878253316
0.020137550797906266,0.020279895878253323,0.020138773858262363,0.020279895878253316
0.020137571875701147,0.020279895878253323,0.020138776335530125,0.020279895878253316
0.020137592620786245,0.020279895878253323,0.020138778779919105,0.020279895878253316
0.020137613038195307,0.020279895878253323,0.020138781191927434,0.020279895878253316
0.020137633132886114,0.020279895878253323,0.020138783572043073,0.020279895878253316
0.020137652909740334,0.020279895878253323,0.020138785920757987,0.020279895878253316
0.020137672373567877,0.020279895878253323,0.020138788238536234,0.020279895878253316
0.020137691529104194,0.020279895878253323,0.02013879052585087,0.020279895878253316
0.020137710381013516,0.020279895878253323,0.020138792783163884,0.020279895878253316
0.020137728933889435,0.020279895878253323,0.020138795010931358,0.020279895878253316
0.02013774719225709,0.020279895878253323,0.020138797209591573,0.020279895878253316
0.020137765160571298,0.020279895878253323,0.020138799379595142,0.020279895878253316
0.020137782843221395,0.020279895878253323,0.020138801521366205,0.020279895878253316
0.020137800244529196,0.020279895878253323,0.02013880363533425,0.020279895878253316
0.02013781736875114,0.020279895878253323,0.02013880572192146,0.020279895878253316
0.0201378342200791,0.020279895878253323,0.020138807781546288,0.020279895878253316
0.02013785080264234,0.020279895878253323,0.020138809814611643,0.020279895878253316
0.020137867120507268,0.020279895878253323,0.020138811821518887,0.020279895878253316
0.02013788317767862,0.020279895878253323,0.020138813802664583,0.020279895878253316
0.020137898978100657,0.020279895878253323,0.020138815758438268,0.020279895878253316
0.020137914525657604,0.020279895878253323,0.02013881768922701,0.020279895878253316
0.020137929824175945,0.020279895878253323,0.020138819595402178,0.020279895878253316
0.020137944877422792,0.020279895878253323,0.0201388214773437,0.020279895878253316
0.02013795968910973,0.020279895878253323,0.020138823335411997,0.020279895878253316
0.020137974262891167,0.020279895878253323,0.020138825169971005,0.020279895878253316
0.020137988602366173,0.020279895878253323,0.020138826981380913,0.020279895878253316
0.020138002711080114,0.020279895878253323,0.020138828769988258,0.020279895878253316
0.020138016592524764,0.020279895878253323,0.02013883053613431,0.020279895878253316
0.020138030250138626,0.020279895878253323,0.02013883228015933,0.020279895878253316
0.020138043687307865,0.020279895878253323,0.020138834002401615,0.020279895878253316
0.020138056907368203,0.020279895878253323,0.02013883570318624,0.020279895878253316
0.020138069913603684,0.020279895878253323,0.02013883738284596,0.020279895878253316
0.020138082709250615,0.020279895878253323,0.02013883904168873,0.020279895878253316
0.020138095297494198,0.020279895878253323,0.02013884068003955,0.020279895878253316
0.020138107681473165,0.020279895878253323,0.020138842298201093,0.020279895878253316
0.020138119864276657,0.020279895878253323,0.020138843896492117,0.020279895878253316
0.02013813184895009,0.020279895878253323,0.020138845475197367,0.020279895878253316
0.02013814363849026,0.020279895878253323,0.020138847034621852,0.020279895878253316
0.020138155235849876,0.020279895878253323,0.02013884857505394,0.020279895878253316
0.020138166643936545,0.020279895878253323,0.020138850096781725,0.020279895878253316
0.020138177865614174,0.020279895878253323,0.020138851600086435,0.020279895878253316
0.020138188903702645,0.020279895878253323,0.02013885308525135,0.020279895878253316
0.020138199760980482,0.020279895878253323,0.020138854552542905,0.020279895878253316
0.020138210440182627,0.020279895878253323,0.02013885600223927,0.020279895878253316
0.020138220944004092,0.020279895878253323,0.020138857434598912,0.020279895878253316
0.020138231275097836,0.020279895878253323,0.02013885884989011,0.020279895878253316
0.02013824143607724,0.020279895878253323,0.020138860248370905,0.020279895878253316
0.02013825142951649,0.020279895878253323,0.020138861630292857,0.020279895878253316
0.020138261257950357,0.020279895878253323,0.020138862995907076,0.020279895878253316
0.020138270923874893,0.020279895878253323,0.020138864345466224,0.020279895878253316
0.020138280429749696,0.020279895878253323,0.020138865679204504,0.020279895878253316
0.020138289777996154,0.020279895878253323,0.020138866997363388,0.020279895878253316
0.020138298970999165,0.020279895878253323,0.02013886830017905,0.020279895878253316
0.020138308011107386,0.020279895878253323,0.020138869587886216,0.020279895878253316
0.02013831690063479,0.020279895878253323,0.02013887086070715,0.020279895878253316
0.020138325641858267,0.020279895878253323,0.02013887211888051,0.020279895878253316
0.020138334237023218,0.020279895878253323,0.02013887336261386,0.020279895878253316
0.02013834268833881,0.020279895878253323,0.02013887459213277,0.020279895878253316
0.02013835099798221,0.020279895878253323,0.020138875807645173,0.020279895878253316
0.020138359168096306,0.020279895878253323,0.02013887700936982,0.020279895878253316
0.02013836720079292,0.020279895878253323,0.0201388781975088,0.020279895878253316
0.020138375098150304,0.020279895878253323,0.020138879372276607,0.020279895878253316
0.020138382862216572,0.020279895878253323,0.020138880533871972,0.020279895878253316
0.02013839049500885,0.020279895878253323,0.020138881682490537,0.020279895878253316
0.020138397998512803,0.020279895878253323,0.020138882818334453,0.020279895878253316
0.02013840537468503,0.020279895878253323,0.02013888394159276,0.020279895878253316
0.020138412625452427,0.020279895878253323,0.02013888505245342,0.020279895878253316
0.020138419752711474,0.020279895878253323,0.020138886151113207,0.020279895878253316
0.02013842675833165,0.020279895878253323,0.02013888723774969,0.020279895878253316
0.020138433644153863,0.020279895878253323,0.02013888831254018,0.020279895878253316
0.020138440411990054,0.020279895878253323,0.020138889375671022,0.020279895878253316
0.02013844706362599,0.020279895878253323,0.020138890427313157,0.020279895878253316
0.020138453600819124,0.020279895878253323,0.02013889146764767,0.020279895878253316
0.020138460025301962,0.020279895878253323,0.020138892496836616,0.020279895878253316
0.02013846633877947,0.020279895878253323,0.02013889351505317,0.020279895878253316
0.02013847254293104,0.020279895878253323,0.02013889452246515,0.020279895878253316
0.020138478639410835,0.020279895878253323,0.02013889551923655,0.020279895878253316
0.02013848462984875,0.020279895878253323,0.020138896505521375,0.020279895878253316
0.02013849051584812,0.020279895878253323,0.020138897481489625,0.020279895878253316
0.02013849629899017,0.020279895878253323,0.020138898447288105,0.020279895878253316
0.02013850198083128,0.020279895878253323,0.02013889940306999,0.020279895878253316
0.020138507562904327,0.020279895878253323,0.02013890034898621,0.020279895878253316
0.02013851304671831,0.020279895878253323,0.02013890128519184,0.020279895878253316
0.02013851843376008,0.020279895878253323,0.020138902211832805,0.020279895878253316
0.020138523725494056,0.020279895878253323,0.020138903129052862,0.020279895878253316
0.020138528923362504,0.020279895878253323,0.02013890403699296,0.020279895878253316
0.02013853402878597,0.020279895878253323,0.02013890493579128,0.020279895878253316
0.02013853904316298,0.020279895878253323,0.02013890582558869,0.020279895878253316
0.02013854396787076,0.020279895878253323,0.02013890670652577,0.020279895878253316
0.020138548804266795,0.020279895878253323,0.02013890757873003,0.020279895878253316
